{
    "loss": 0.6363756656646729,
    "accuracy": 0.6399999856948853
}