{
    "loss": 0.2992284595966339,
    "accuracy": 0.9066666960716248
}