{
    "loss": 0.5968711376190186,
    "accuracy": 0.6800000071525574
}