{
    "loss": 0.6997325420379639,
    "accuracy": 0.6133333444595337
}