{
    "loss": 0.5593140125274658,
    "accuracy": 0.6800000071525574
}