{
    "loss": 0.30277812480926514,
    "accuracy": 0.8799999952316284
}