{
    "loss": 0.7321792840957642,
    "accuracy": 0.5199999809265137
}